Barcode	Count
GCTACTCT-GCTACTCT	7416557
GCTACTCT-ATCGTGGT	240
GCTACTCT-TAGCCATG	299
GCTACTCT-AACAGCGA	259
GCTACTCT-GTCCTAAG	334
GCTACTCT-TCTTCGAC	1122
GCTACTCT-TCGGATTC	148
GCTACTCT-TCGACAAG	99
GCTACTCT-AGAGTCCA	492
GCTACTCT-ATCATGCG	323
GCTACTCT-TATGGCAC	335
GCTACTCT-TGTTCCGT	709
GCTACTCT-TCGAGAGT	470
GCTACTCT-GATCTTGC	181
GCTACTCT-GTAGCGTA	651
GCTACTCT-ACGATCAG	370
GCTACTCT-TACCGGAT	1846
GCTACTCT-CGGTAATC	166
GCTACTCT-GATCAAGG	229
GCTACTCT-CGATCGAT	214
GCTACTCT-CTCTGGAT	1195
GCTACTCT-CTAGCTCA	814
GCTACTCT-AGGATAGC	277
GCTACTCT-CACTTCAC	96
ATCGTGGT-GCTACTCT	253
ATCGTGGT-ATCGTGGT	6887592
ATCGTGGT-TAGCCATG	228
ATCGTGGT-AACAGCGA	195
ATCGTGGT-GTCCTAAG	178
ATCGTGGT-TCTTCGAC	1391
ATCGTGGT-TCGGATTC	157
ATCGTGGT-TCGACAAG	112
ATCGTGGT-AGAGTCCA	372
ATCGTGGT-ATCATGCG	314
ATCGTGGT-TATGGCAC	288
ATCGTGGT-TGTTCCGT	473
ATCGTGGT-TCGAGAGT	562
ATCGTGGT-GATCTTGC	137
ATCGTGGT-GTAGCGTA	258
ATCGTGGT-ACGATCAG	307
ATCGTGGT-TACCGGAT	2090
ATCGTGGT-CGGTAATC	175
ATCGTGGT-GATCAAGG	617
ATCGTGGT-CGATCGAT	219
ATCGTGGT-CTCTGGAT	1349
ATCGTGGT-CTAGCTCA	472
ATCGTGGT-AGGATAGC	267
ATCGTGGT-CACTTCAC	84
TAGCCATG-GCTACTCT	248
TAGCCATG-ATCGTGGT	239
TAGCCATG-TAGCCATG	10629633
TAGCCATG-AACAGCGA	277
TAGCCATG-GTCCTAAG	426
TAGCCATG-TCTTCGAC	1611
TAGCCATG-TCGGATTC	240
TAGCCATG-TCGACAAG	231
TAGCCATG-AGAGTCCA	466
TAGCCATG-ATCATGCG	453
TAGCCATG-TATGGCAC	521
TAGCCATG-TGTTCCGT	724
TAGCCATG-TCGAGAGT	556
TAGCCATG-GATCTTGC	209
TAGCCATG-GTAGCGTA	331
TAGCCATG-ACGATCAG	441
TAGCCATG-TACCGGAT	2851
TAGCCATG-CGGTAATC	196
TAGCCATG-GATCAAGG	398
TAGCCATG-CGATCGAT	183
TAGCCATG-CTCTGGAT	1106
TAGCCATG-CTAGCTCA	877
TAGCCATG-AGGATAGC	362
TAGCCATG-CACTTCAC	247
AACAGCGA-GCTACTCT	249
AACAGCGA-ATCGTGGT	448
AACAGCGA-TAGCCATG	386
AACAGCGA-AACAGCGA	8872034
AACAGCGA-GTCCTAAG	363
AACAGCGA-TCTTCGAC	2178
AACAGCGA-TCGGATTC	378
AACAGCGA-TCGACAAG	133
AACAGCGA-AGAGTCCA	625
AACAGCGA-ATCATGCG	688
AACAGCGA-TATGGCAC	482
AACAGCGA-TGTTCCGT	653
AACAGCGA-TCGAGAGT	508
AACAGCGA-GATCTTGC	628
AACAGCGA-GTAGCGTA	492
AACAGCGA-ACGATCAG	553
AACAGCGA-TACCGGAT	2578
AACAGCGA-CGGTAATC	173
AACAGCGA-GATCAAGG	344
AACAGCGA-CGATCGAT	329
AACAGCGA-CTCTGGAT	1292
AACAGCGA-CTAGCTCA	755
AACAGCGA-AGGATAGC	541
AACAGCGA-CACTTCAC	182
GTCCTAAG-GCTACTCT	277
GTCCTAAG-ATCGTGGT	255
GTCCTAAG-TAGCCATG	451
GTCCTAAG-AACAGCGA	461
GTCCTAAG-GTCCTAAG	8830276
GTCCTAAG-TCTTCGAC	1345
GTCCTAAG-TCGGATTC	271
GTCCTAAG-TCGACAAG	183
GTCCTAAG-AGAGTCCA	409
GTCCTAAG-ATCATGCG	419
GTCCTAAG-TATGGCAC	7066
GTCCTAAG-TGTTCCGT	990
GTCCTAAG-TCGAGAGT	381
GTCCTAAG-GATCTTGC	224
GTCCTAAG-GTAGCGTA	385
GTCCTAAG-ACGATCAG	451
GTCCTAAG-TACCGGAT	2326
GTCCTAAG-CGGTAATC	158
GTCCTAAG-GATCAAGG	437
GTCCTAAG-CGATCGAT	251
GTCCTAAG-CTCTGGAT	1151
GTCCTAAG-CTAGCTCA	664
GTCCTAAG-AGGATAGC	311
GTCCTAAG-CACTTCAC	134
TCTTCGAC-GCTACTCT	1090
TCTTCGAC-ATCGTGGT	4468
TCTTCGAC-TAGCCATG	1719
TCTTCGAC-AACAGCGA	1079
TCTTCGAC-GTCCTAAG	1381
TCTTCGAC-TCTTCGAC	42094112
TCTTCGAC-TCGGATTC	1643
TCTTCGAC-TCGACAAG	1053
TCTTCGAC-AGAGTCCA	1619
TCTTCGAC-ATCATGCG	1520
TCTTCGAC-TATGGCAC	2865
TCTTCGAC-TGTTCCGT	3200
TCTTCGAC-TCGAGAGT	2779
TCTTCGAC-GATCTTGC	1042
TCTTCGAC-GTAGCGTA	1326
TCTTCGAC-ACGATCAG	1807
TCTTCGAC-TACCGGAT	10986
TCTTCGAC-CGGTAATC	1234
TCTTCGAC-GATCAAGG	1934
TCTTCGAC-CGATCGAT	1187
TCTTCGAC-CTCTGGAT	5933
TCTTCGAC-CTAGCTCA	3013
TCTTCGAC-AGGATAGC	2140
TCTTCGAC-CACTTCAC	951
TCGGATTC-GCTACTCT	123
TCGGATTC-ATCGTGGT	118
TCGGATTC-TAGCCATG	191
TCGGATTC-AACAGCGA	1047
TCGGATTC-GTCCTAAG	164
TCGGATTC-TCTTCGAC	1307
TCGGATTC-TCGGATTC	4611350
TCGGATTC-TCGACAAG	88
TCGGATTC-AGAGTCCA	223
TCGGATTC-ATCATGCG	173
TCGGATTC-TATGGCAC	424
TCGGATTC-TGTTCCGT	327
TCGGATTC-TCGAGAGT	311
TCGGATTC-GATCTTGC	293
TCGGATTC-GTAGCGTA	133
TCGGATTC-ACGATCAG	216
TCGGATTC-TACCGGAT	1173
TCGGATTC-CGGTAATC	188
TCGGATTC-GATCAAGG	132
TCGGATTC-CGATCGAT	254
TCGGATTC-CTCTGGAT	619
TCGGATTC-CTAGCTCA	407
TCGGATTC-AGGATAGC	315
TCGGATTC-CACTTCAC	111
TCGACAAG-GCTACTCT	105
TCGACAAG-ATCGTGGT	98
TCGACAAG-TAGCCATG	323
TCGACAAG-AACAGCGA	100
TCGACAAG-GTCCTAAG	233
TCGACAAG-TCTTCGAC	782
TCGACAAG-TCGGATTC	127
TCGACAAG-TCGACAAG	3853350
TCGACAAG-AGAGTCCA	150
TCGACAAG-ATCATGCG	7836
TCGACAAG-TATGGCAC	205
TCGACAAG-TGTTCCGT	246
TCGACAAG-TCGAGAGT	358
TCGACAAG-GATCTTGC	70
TCGACAAG-GTAGCGTA	110
TCGACAAG-ACGATCAG	281
TCGACAAG-TACCGGAT	957
TCGACAAG-CGGTAATC	56
TCGACAAG-GATCAAGG	146
TCGACAAG-CGATCGAT	105
TCGACAAG-CTCTGGAT	449
TCGACAAG-CTAGCTCA	256
TCGACAAG-AGGATAGC	175
TCGACAAG-CACTTCAC	35
AGAGTCCA-GCTACTCT	362
AGAGTCCA-ATCGTGGT	357
AGAGTCCA-TAGCCATG	459
AGAGTCCA-AACAGCGA	481
AGAGTCCA-GTCCTAAG	407
AGAGTCCA-TCTTCGAC	1660
AGAGTCCA-TCGGATTC	236
AGAGTCCA-TCGACAAG	153
AGAGTCCA-AGAGTCCA	11316780
AGAGTCCA-ATCATGCG	478
AGAGTCCA-TATGGCAC	551
AGAGTCCA-TGTTCCGT	889
AGAGTCCA-TCGAGAGT	1115
AGAGTCCA-GATCTTGC	206
AGAGTCCA-GTAGCGTA	1058
AGAGTCCA-ACGATCAG	660
AGAGTCCA-TACCGGAT	2707
AGAGTCCA-CGGTAATC	244
AGAGTCCA-GATCAAGG	270
AGAGTCCA-CGATCGAT	285
AGAGTCCA-CTCTGGAT	1255
AGAGTCCA-CTAGCTCA	1359
AGAGTCCA-AGGATAGC	606
AGAGTCCA-CACTTCAC	197
ATCATGCG-GCTACTCT	328
ATCATGCG-ATCGTGGT	598
ATCATGCG-TAGCCATG	917
ATCATGCG-AACAGCGA	540
ATCATGCG-GTCCTAAG	636
ATCATGCG-TCTTCGAC	1858
ATCATGCG-TCGGATTC	217
ATCATGCG-TCGACAAG	305
ATCATGCG-AGAGTCCA	621
ATCATGCG-ATCATGCG	10087503
ATCATGCG-TATGGCAC	788
ATCATGCG-TGTTCCGT	734
ATCATGCG-TCGAGAGT	497
ATCATGCG-GATCTTGC	288
ATCATGCG-GTAGCGTA	358
ATCATGCG-ACGATCAG	782
ATCATGCG-TACCGGAT	2521
ATCATGCG-CGGTAATC	201
ATCATGCG-GATCAAGG	549
ATCATGCG-CGATCGAT	265
ATCATGCG-CTCTGGAT	1513
ATCATGCG-CTAGCTCA	848
ATCATGCG-AGGATAGC	582
ATCATGCG-CACTTCAC	170
TATGGCAC-GCTACTCT	317
TATGGCAC-ATCGTGGT	318
TATGGCAC-TAGCCATG	610
TATGGCAC-AACAGCGA	661
TATGGCAC-GTCCTAAG	759
TATGGCAC-TCTTCGAC	4277
TATGGCAC-TCGGATTC	991
TATGGCAC-TCGACAAG	277
TATGGCAC-AGAGTCCA	534
TATGGCAC-ATCATGCG	472
TATGGCAC-TATGGCAC	11184304
TATGGCAC-TGTTCCGT	88571
TATGGCAC-TCGAGAGT	958
TATGGCAC-GATCTTGC	404
TATGGCAC-GTAGCGTA	363
TATGGCAC-ACGATCAG	574
TATGGCAC-TACCGGAT	4625
TATGGCAC-CGGTAATC	366
TATGGCAC-GATCAAGG	338
TATGGCAC-CGATCGAT	275
TATGGCAC-CTCTGGAT	1574
TATGGCAC-CTAGCTCA	906
TATGGCAC-AGGATAGC	675
TATGGCAC-CACTTCAC	474
TGTTCCGT-GCTACTCT	487
TGTTCCGT-ATCGTGGT	499
TGTTCCGT-TAGCCATG	633
TGTTCCGT-AACAGCGA	791
TGTTCCGT-GTCCTAAG	462
TGTTCCGT-TCTTCGAC	2719
TGTTCCGT-TCGGATTC	920
TGTTCCGT-TCGACAAG	242
TGTTCCGT-AGAGTCCA	845
TGTTCCGT-ATCATGCG	718
TGTTCCGT-TATGGCAC	85536
TGTTCCGT-TGTTCCGT	15733007
TGTTCCGT-TCGAGAGT	1090
TGTTCCGT-GATCTTGC	350
TGTTCCGT-GTAGCGTA	575
TGTTCCGT-ACGATCAG	568
TGTTCCGT-TACCGGAT	4606
TGTTCCGT-CGGTAATC	283
TGTTCCGT-GATCAAGG	400
TGTTCCGT-CGATCGAT	527
TGTTCCGT-CTCTGGAT	1941
TGTTCCGT-CTAGCTCA	1116
TGTTCCGT-AGGATAGC	584
TGTTCCGT-CACTTCAC	266
TCGAGAGT-GCTACTCT	637
TCGAGAGT-ATCGTGGT	509
TCGAGAGT-TAGCCATG	428
TCGAGAGT-AACAGCGA	329
TCGAGAGT-GTCCTAAG	362
TCGAGAGT-TCTTCGAC	2011
TCGAGAGT-TCGGATTC	383
TCGAGAGT-TCGACAAG	277
TCGAGAGT-AGAGTCCA	516
TCGAGAGT-ATCATGCG	374
TCGAGAGT-TATGGCAC	483
TCGAGAGT-TGTTCCGT	1126
TCGAGAGT-TCGAGAGT	11741547
TCGAGAGT-GATCTTGC	215
TCGAGAGT-GTAGCGTA	360
TCGAGAGT-ACGATCAG	655
TCGAGAGT-TACCGGAT	3632
TCGAGAGT-CGGTAATC	253
TCGAGAGT-GATCAAGG	315
TCGAGAGT-CGATCGAT	349
TCGAGAGT-CTCTGGAT	1857
TCGAGAGT-CTAGCTCA	829
TCGAGAGT-AGGATAGC	494
TCGAGAGT-CACTTCAC	159
GATCTTGC-GCTACTCT	132
GATCTTGC-ATCGTGGT	109
GATCTTGC-TAGCCATG	136
GATCTTGC-AACAGCGA	179
GATCTTGC-GTCCTAAG	167
GATCTTGC-TCTTCGAC	755
GATCTTGC-TCGGATTC	85
GATCTTGC-TCGACAAG	48
GATCTTGC-AGAGTCCA	208
GATCTTGC-ATCATGCG	252
GATCTTGC-TATGGCAC	251
GATCTTGC-TGTTCCGT	203
GATCTTGC-TCGAGAGT	176
GATCTTGC-GATCTTGC	3641072
GATCTTGC-GTAGCGTA	170
GATCTTGC-ACGATCAG	193
GATCTTGC-TACCGGAT	790
GATCTTGC-CGGTAATC	133
GATCTTGC-GATCAAGG	184
GATCTTGC-CGATCGAT	205
GATCTTGC-CTCTGGAT	397
GATCTTGC-CTAGCTCA	269
GATCTTGC-AGGATAGC	368
GATCTTGC-CACTTCAC	102
GTAGCGTA-GCTACTCT	1532
GTAGCGTA-ATCGTGGT	306
GTAGCGTA-TAGCCATG	332
GTAGCGTA-AACAGCGA	348
GTAGCGTA-GTCCTAAG	415
GTAGCGTA-TCTTCGAC	1351
GTAGCGTA-TCGGATTC	162
GTAGCGTA-TCGACAAG	119
GTAGCGTA-AGAGTCCA	537
GTAGCGTA-ATCATGCG	353
GTAGCGTA-TATGGCAC	377
GTAGCGTA-TGTTCCGT	608
GTAGCGTA-TCGAGAGT	776
GTAGCGTA-GATCTTGC	159
GTAGCGTA-GTAGCGTA	8119243
GTAGCGTA-ACGATCAG	826
GTAGCGTA-TACCGGAT	1975
GTAGCGTA-CGGTAATC	149
GTAGCGTA-GATCAAGG	258
GTAGCGTA-CGATCGAT	213
GTAGCGTA-CTCTGGAT	965
GTAGCGTA-CTAGCTCA	1014
GTAGCGTA-AGGATAGC	327
GTAGCGTA-CACTTCAC	101
ACGATCAG-GCTACTCT	335
ACGATCAG-ATCGTGGT	242
ACGATCAG-TAGCCATG	515
ACGATCAG-AACAGCGA	275
ACGATCAG-GTCCTAAG	508
ACGATCAG-TCTTCGAC	1352
ACGATCAG-TCGGATTC	175
ACGATCAG-TCGACAAG	334
ACGATCAG-AGAGTCCA	511
ACGATCAG-ATCATGCG	433
ACGATCAG-TATGGCAC	454
ACGATCAG-TGTTCCGT	579
ACGATCAG-TCGAGAGT	510
ACGATCAG-GATCTTGC	193
ACGATCAG-GTAGCGTA	292
ACGATCAG-ACGATCAG	7942853
ACGATCAG-TACCGGAT	2271
ACGATCAG-CGGTAATC	203
ACGATCAG-GATCAAGG	361
ACGATCAG-CGATCGAT	361
ACGATCAG-CTCTGGAT	1060
ACGATCAG-CTAGCTCA	665
ACGATCAG-AGGATAGC	415
ACGATCAG-CACTTCAC	186
TACCGGAT-GCTACTCT	1798
TACCGGAT-ATCGTGGT	3453
TACCGGAT-TAGCCATG	4661
TACCGGAT-AACAGCGA	2269
TACCGGAT-GTCCTAAG	3170
TACCGGAT-TCTTCGAC	13576
TACCGGAT-TCGGATTC	1922
TACCGGAT-TCGACAAG	1237
TACCGGAT-AGAGTCCA	2906
TACCGGAT-ATCATGCG	2665
TACCGGAT-TATGGCAC	4603
TACCGGAT-TGTTCCGT	5737
TACCGGAT-TCGAGAGT	5863
TACCGGAT-GATCTTGC	1427
TACCGGAT-GTAGCGTA	2217
TACCGGAT-ACGATCAG	2928
TACCGGAT-TACCGGAT	76363857
TACCGGAT-CGGTAATC	2913
TACCGGAT-GATCAAGG	2203
TACCGGAT-CGATCGAT	2118
TACCGGAT-CTCTGGAT	20269
TACCGGAT-CTAGCTCA	5282
TACCGGAT-AGGATAGC	2734
TACCGGAT-CACTTCAC	1434
CGGTAATC-GCTACTCT	147
CGGTAATC-ATCGTGGT	386
CGGTAATC-TAGCCATG	351
CGGTAATC-AACAGCGA	154
CGGTAATC-GTCCTAAG	164
CGGTAATC-TCTTCGAC	1316
CGGTAATC-TCGGATTC	162
CGGTAATC-TCGACAAG	85
CGGTAATC-AGAGTCCA	244
CGGTAATC-ATCATGCG	203
CGGTAATC-TATGGCAC	309
CGGTAATC-TGTTCCGT	399
CGGTAATC-TCGAGAGT	258
CGGTAATC-GATCTTGC	163
CGGTAATC-GTAGCGTA	148
CGGTAATC-ACGATCAG	217
CGGTAATC-TACCGGAT	7265
CGGTAATC-CGGTAATC	5064906
CGGTAATC-GATCAAGG	185
CGGTAATC-CGATCGAT	228
CGGTAATC-CTCTGGAT	766
CGGTAATC-CTAGCTCA	509
CGGTAATC-AGGATAGC	339
CGGTAATC-CACTTCAC	203
GATCAAGG-GCTACTCT	248
GATCAAGG-ATCGTGGT	448
GATCAAGG-TAGCCATG	397
GATCAAGG-AACAGCGA	215
GATCAAGG-GTCCTAAG	421
GATCAAGG-TCTTCGAC	18138
GATCAAGG-TCGGATTC	120
GATCAAGG-TCGACAAG	149
GATCAAGG-AGAGTCCA	328
GATCAAGG-ATCATGCG	323
GATCAAGG-TATGGCAC	297
GATCAAGG-TGTTCCGT	417
GATCAAGG-TCGAGAGT	320
GATCAAGG-GATCTTGC	266
GATCAAGG-GTAGCGTA	277
GATCAAGG-ACGATCAG	567
GATCAAGG-TACCGGAT	1650
GATCAAGG-CGGTAATC	122
GATCAAGG-GATCAAGG	6587100
GATCAAGG-CGATCGAT	211
GATCAAGG-CTCTGGAT	775
GATCAAGG-CTAGCTCA	448
GATCAAGG-AGGATAGC	264
GATCAAGG-CACTTCAC	95
CGATCGAT-GCTACTCT	195
CGATCGAT-ATCGTGGT	167
CGATCGAT-TAGCCATG	236
CGATCGAT-AACAGCGA	171
CGATCGAT-GTCCTAAG	227
CGATCGAT-TCTTCGAC	1160
CGATCGAT-TCGGATTC	117
CGATCGAT-TCGACAAG	105
CGATCGAT-AGAGTCCA	278
CGATCGAT-ATCATGCG	208
CGATCGAT-TATGGCAC	219
CGATCGAT-TGTTCCGT	504
CGATCGAT-TCGAGAGT	329
CGATCGAT-GATCTTGC	131
CGATCGAT-GTAGCGTA	204
CGATCGAT-ACGATCAG	291
CGATCGAT-TACCGGAT	2046
CGATCGAT-CGGTAATC	214
CGATCGAT-GATCAAGG	183
CGATCGAT-CGATCGAT	5604966
CGATCGAT-CTCTGGAT	1304
CGATCGAT-CTAGCTCA	463
CGATCGAT-AGGATAGC	321
CGATCGAT-CACTTCAC	124
CTCTGGAT-GCTACTCT	2491
CTCTGGAT-ATCGTGGT	1257
CTCTGGAT-TAGCCATG	1277
CTCTGGAT-AACAGCGA	1033
CTCTGGAT-GTCCTAAG	1359
CTCTGGAT-TCTTCGAC	6129
CTCTGGAT-TCGGATTC	770
CTCTGGAT-TCGACAAG	570
CTCTGGAT-AGAGTCCA	2037
CTCTGGAT-ATCATGCG	1308
CTCTGGAT-TATGGCAC	1742
CTCTGGAT-TGTTCCGT	2652
CTCTGGAT-TCGAGAGT	2379
CTCTGGAT-GATCTTGC	646
CTCTGGAT-GTAGCGTA	1165
CTCTGGAT-ACGATCAG	1401
CTCTGGAT-TACCGGAT	14152
CTCTGGAT-CGGTAATC	1010
CTCTGGAT-GATCAAGG	819
CTCTGGAT-CGATCGAT	2171
CTCTGGAT-CTCTGGAT	34976387
CTCTGGAT-CTAGCTCA	3445
CTCTGGAT-AGGATAGC	1211
CTCTGGAT-CACTTCAC	685
CTAGCTCA-GCTACTCT	1829
CTAGCTCA-ATCGTGGT	554
CTAGCTCA-TAGCCATG	977
CTAGCTCA-AACAGCGA	620
CTAGCTCA-GTCCTAAG	736
CTAGCTCA-TCTTCGAC	2907
CTAGCTCA-TCGGATTC	431
CTAGCTCA-TCGACAAG	14841
CTAGCTCA-AGAGTCCA	1253
CTAGCTCA-ATCATGCG	1851
CTAGCTCA-TATGGCAC	977
CTAGCTCA-TGTTCCGT	1247
CTAGCTCA-TCGAGAGT	1256
CTAGCTCA-GATCTTGC	422
CTAGCTCA-GTAGCGTA	1242
CTAGCTCA-ACGATCAG	851
CTAGCTCA-TACCGGAT	4738
CTAGCTCA-CGGTAATC	430
CTAGCTCA-GATCAAGG	511
CTAGCTCA-CGATCGAT	599
CTAGCTCA-CTCTGGAT	3996
CTAGCTCA-CTAGCTCA	17332036
CTAGCTCA-AGGATAGC	704
CTAGCTCA-CACTTCAC	338
AGGATAGC-GCTACTCT	413
AGGATAGC-ATCGTGGT	319
AGGATAGC-TAGCCATG	394
AGGATAGC-AACAGCGA	355
AGGATAGC-GTCCTAAG	307
AGGATAGC-TCTTCGAC	2149
AGGATAGC-TCGGATTC	355
AGGATAGC-TCGACAAG	133
AGGATAGC-AGAGTCCA	662
AGGATAGC-ATCATGCG	509
AGGATAGC-TATGGCAC	683
AGGATAGC-TGTTCCGT	698
AGGATAGC-TCGAGAGT	570
AGGATAGC-GATCTTGC	549
AGGATAGC-GTAGCGTA	996
AGGATAGC-ACGATCAG	531
AGGATAGC-TACCGGAT	2227
AGGATAGC-CGGTAATC	323
AGGATAGC-GATCAAGG	228
AGGATAGC-CGATCGAT	282
AGGATAGC-CTCTGGAT	1100
AGGATAGC-CTAGCTCA	783
AGGATAGC-AGGATAGC	8673180
AGGATAGC-CACTTCAC	359
CACTTCAC-GCTACTCT	101
CACTTCAC-ATCGTGGT	103
CACTTCAC-TAGCCATG	3205
CACTTCAC-AACAGCGA	125
CACTTCAC-GTCCTAAG	132
CACTTCAC-TCTTCGAC	938
CACTTCAC-TCGGATTC	141
CACTTCAC-TCGACAAG	67
CACTTCAC-AGAGTCCA	191
CACTTCAC-ATCATGCG	158
CACTTCAC-TATGGCAC	358
CACTTCAC-TGTTCCGT	279
CACTTCAC-TCGAGAGT	179
CACTTCAC-GATCTTGC	108
CACTTCAC-GTAGCGTA	131
CACTTCAC-ACGATCAG	371
CACTTCAC-TACCGGAT	1043
CACTTCAC-CGGTAATC	224
CACTTCAC-GATCAAGG	122
CACTTCAC-CGATCGAT	174
CACTTCAC-CTCTGGAT	660
CACTTCAC-CTAGCTCA	371
CACTTCAC-AGGATAGC	223
CACTTCAC-CACTTCAC	4191388
